,year,job_at_campus,learnt_python,learnt_python_and_job,prob_job,prob_py,prob_job_py,cond_job_and_py,cond_py_and_job
0,2015,28,15,10,0.56,0.3,0.2,0.6666666666666667,0.35714285714285715
1,2016,32,21,17,0.64,0.42,0.34,0.8095238095238096,0.53125
2,2017,34,25,21,0.68,0.5,0.42,0.84,0.6176470588235293
3,2018,37,34,31,0.74,0.68,0.62,0.9117647058823529,0.8378378378378378
4,2019,38,39,37,0.76,0.78,0.74,0.9487179487179487,0.9736842105263158
5,2020,46,44,42,0.92,0.88,0.84,0.9545454545454545,0.9130434782608695
